LU_ID_L1,LU_ID_L2,LU_ID_L3,LU_CODE,LU_DES_TH,LU_DES_EN,,,,"LU 1101: available=187474, sampled=5000", ตัวเมืองและย่านการค้า,LU_Code,Crop,
1,11,1101,U101, ตัวเมืองและย่านการค้า,"City, Town, Commercial",,,,"LU 1200: available=7676, sampled=5000",หมู่บ้าน/ที่ดินจัดสรรร้าง,2101,นาข้าว,Active paddy field
1,12,1200,U200,หมู่บ้าน/ที่ดินจัดสรรร้าง,Abandoned village,,,,"LU 1201: available=1074665, sampled=5000",หมู่บ้านบนพื้นราบ,2204,มันสำปะหลัง  ,Cassava
1,12,1201,U201      ,หมู่บ้านบนพื้นราบ,Village,,,,"LU 1301: available=447228, sampled=5000",สถานที่ราชการและสถาบันต่าง ๆ,2205,สับปะรด  ,Pineapple
1,12,1202,U202,หมู่บ้านชาวไทยภูเขา  ,Hill tribe village,,,,"LU 1401: available=75027, sampled=5000",สนามบิน,2302,ยางพารา  ,Para rubber
1,12,1203,U203,หมู่บ้านชาวเล,Moken village,,,,"LU 1404: available=385, sampled=385",ท่าเรือ,2303,ปาล์มน้ำมัน  ,Oil palm
1,13,1300,U300,สถานที่ราชการและสถาบันต่าง ๆ ร้าง,Abandoned institutional land,,,,"LU 1405: available=3652, sampled=3652",ถนน,2403,ทุเรียน  ,Durian
1,13,1301,U301,สถานที่ราชการและสถาบันต่าง ๆ,Institutional land,,,,"LU 1500: available=2657, sampled=2657",พื้นที่อุตสาหกรรมร้าง ,2404,เงาะ  ,Rambutan
1,14,1400,U400,สถานีคมนาคมร้าง,Abandoned communication and utility,,,,"LU 1501: available=840502, sampled=5000",นิคมอุตสาหกรรม ,2405,มะพร้าว   ,Coconut
1,14,1401,U401,สนามบิน,Airport,,,,"LU 1502: available=499099, sampled=5000",โรงงานอุตสาหกรรม  ,2407,มะม่วง  ,Mango
1,14,1402,U402 ,สถานีรถไฟ  ,Railway station,,,,"LU 1503: available=1829, sampled=1829",ลานตากและแหล่งรับซื้อทางการเกษตร,2413,ลำไย   ,Longan
1,14,1403,U403,สถานีขนส่ง  ,Bus station,,,,"LU 1600: available=3606, sampled=3606",สถานที่ร้าง ,2416,ขนุน  ,Jack fruit
1,14,1404,U404 ,ท่าเรือ,Harbor,,,,"LU 1601: available=27452, sampled=5000",สถานที่พักผ่อนหย่อนใจ ,2419,มังคุด  ,Mangosteen
1,14,1405,U405,ถนน,Road,,,,"LU 1602: available=44690, sampled=5000",รีสอร์ท โรงแรม เกสต์เฮ้าส์,2420,ลางสาด ลองกอง ,Langsat
1,14,1406,U406,ทางรถไฟ,Railway ,,,,"LU 1603: available=4784, sampled=4784",สุสาน ป่าช้า  ,,,
1,15,1500,U500,พื้นที่อุตสาหกรรมร้าง ,Abandoned industrial land,,,,"LU 1605: available=1995, sampled=1995",สถานีบริการน้ำมัน ,,,
1,15,1501,U501,นิคมอุตสาหกรรม ,Industrial estate,,,,"LU 1701: available=111249, sampled=5000",สนามกอล์ฟ,,,
1,15,1502,U502,โรงงานอุตสาหกรรม  ,Factory,,,,"LU 2001: available=243, sampled=243",,,,
1,15,1503,U503,ลานตากและแหล่งรับซื้อทางการเกษตร,Agricultural product trading center,,,,"LU 2100: available=104369, sampled=5000",นาร้าง   ,,,
1,16,1600,U600,สถานที่ร้าง ,Abandoned area,,,,"LU 2101: available=296743, sampled=5000",นาข้าว,,,
1,16,1601,U601,สถานที่พักผ่อนหย่อนใจ ,Recreation area,,,,"LU 2200: available=7289, sampled=5000",ไร่ร้าง  ,,,
1,16,1602,U602,รีสอร์ท โรงแรม เกสต์เฮ้าส์,"Resort, Hotel, Guesthouse",,,,"LU 2203: available=61806, sampled=5000",อ้อย ,,,
1,16,1603,U603,สุสาน ป่าช้า  ,Cemetery,,,,"LU 2204: available=807250, sampled=5000",มันสำปะหลัง  ,,,
1,16,1604,U604,ศูนย์อพยพ  ,Refugee camp,,,,"LU 2205: available=714833, sampled=5000",สับปะรด  ,,,
1,16,1605,U605,สถานีบริการน้ำมัน ,Gasoline Station,,,,"LU 2300: available=10784, sampled=5000",ไม้ยืนต้นร้าง/เสื่อมโทรม,,,
1, 17, 1700,U700,สนามกอล์ฟร้าง,Abandoned golf course,,,,"LU 2301: available=49815, sampled=5000",ไม้ยืนต้นผสม  ,,,
1, 17, 1701,U701,สนามกอล์ฟ,Golf course,,,,"LU 2302: available=12320950, sampled=5000",ยางพารา  ,,,
2,21,2100,A100,นาร้าง   ,Abandoned paddy field,,,,"LU 2303: available=490953, sampled=5000",ปาล์มน้ำมัน  ,,,
2,21,2101,A101 ,นาข้าว,Active paddy field,,,,"LU 2304: available=134445, sampled=5000",,,,
2,22,2200,A200 ,ไร่ร้าง  ,Abandoned field crop,,,,"LU 2305: available=5805, sampled=5000",,,,
2,22,2201,A201   ,พืชไร่ผสม  ,Mixed field crop,,,,"LU 2307: available=11042, sampled=5000",,,,
2,22,2202,A202    ,ข้าวโพด ,Corn,,,,"LU 2308: available=3145, sampled=3145",,,,
2,22,2203,A203    ,อ้อย ,Sugarcane,,,,"LU 2309: available=2673, sampled=2673",,,,
2,22,2204,A204    ,มันสำปะหลัง  ,Cassava,,,,"LU 2317: available=2769, sampled=2769",,,,
2,22,2205,A205    ,สับปะรด  ,Pineapple,,,,"LU 2322: available=1500, sampled=1500",,,,
2,22,2206,A206    ,ยาสูบ ,Tobacco,,,,"LU 2400: available=5968, sampled=5000",,,,
2,22,2207,A207   ,ฝ้าย  ,Cotton,,,,"LU 2401: available=411985, sampled=5000",,,,
2,22,2208,A208    ,ถั่วเขียว  ,Mungbean,,,,"LU 2403: available=353768, sampled=5000",ทุเรียน  ,,,
2,22,2209,A209   ,ถั่วเหลือง   ,Soybean,,,,"LU 2404: available=6385, sampled=5000",เงาะ  ,,,
2,22,2210,A210    ,ถั่วลิสง  ,Peanut,,,,"LU 2405: available=13945, sampled=5000",มะพร้าว   ,,,
2,22,2211,A211    ,ปอแก้ว ปอกระเจา ,"Kenaf, Jute",,,,"LU 2407: available=68673, sampled=5000",มะม่วง  ,,,
2,22,2212,A212    ,ถั่วดำ ถั่วแดง ,"Black bean, Red bean",,,,"LU 2408: available=13405, sampled=5000",,,,
2,22,2213,A213    ,ข้าวฟ่าง  ,Sorghum,,,,"LU 2409: available=216, sampled=216",,,,
2,22,2214,A214    ,ละหุ่ง  ,Castor bean,,,,"LU 2411: available=4709, sampled=4709",,,,
2,22,2215,A215    ,งา   ,Sesame,,,,"LU 2412: available=416, sampled=416",,,,
2,22,2216,A216    ,ข้าวไร่  ,Upland rice,,,,"LU 2413: available=19692, sampled=5000",ลำไย   ,,,
2,22,2217,A217    ,มันฝรั่ง  ,Potato,,,,"LU 2416: available=42873, sampled=5000",ขนุน  ,,,
2,22,2218,A218    ,มันแกว   ,Jam potato,,,,"LU 2419: available=19315, sampled=5000",มังคุด  ,,,
2,22,2219,A219    ,มันเทศ  ,Sweet potato,,,,"LU 2420: available=1843, sampled=1843",ลางสาด ลองกอง ,,,
2,22,2220,A220    ,แตงโม  ,Watermelon,,,,"LU 2421: available=1499, sampled=1499",,,,
2,22,2221,A221    ,ลูกเดือย  ,Millet,,,,"LU 2429: available=837, sampled=837",,,,
2,22,2222,A222    ,ขิง           ,Ginger  ,,,,"LU 2502: available=2080, sampled=2080",,,,
2,22,2223,A223    ,กะหล่ำปลี ,Cabbage,,,,"LU 2503: available=344, sampled=344",,,,
2,22,2224,A224    ,มะเขือเทศ ,Tomato,,,,"LU 2701: available=6659, sampled=5000",,,,
2,22,2225,A225   ,ว่านหางจระเข้  ,Aloe vera,,,,"LU 2702: available=1617, sampled=1617",,,,
2,22,2226,A226   ,ป่านศรนารายณ์  ,Agave,,,,"LU 2703: available=11020, sampled=5000",ป่าพรุรอสภาพฟื้นฟู  ,Disturbed swamp forest,,
2,22,2227,A227   ,ปอสา  ,Paper mulberry,,,,"LU 2704: available=6813, sampled=5000",,,,
2,22,2228,A228   ,ทานตะวัน ,Sunflower,,,,"LU 2803: available=4143, sampled=4143",ป่าปลูกรอสภาพฟื้นฟู  ,Disturbed forest plantation,,
2,22,2229,A229    ,พริก  ,Chili,,,,"LU 2900: available=32413, sampled=5000",,,,
2,22,2230,A230    ,ข้าวสาลี  ,Wheat,,,,"LU 2901: available=2006, sampled=2006",,,,
2,22,2231,A231  ,ข้าวบาร์เลย์  ,Barley,,,,"LU 2902: available=37988, sampled=5000",,,,
2,22,2232,A232    ,ข้าวไรย์  ,Rye,,,,"LU 2903: available=391436, sampled=5000",,,,
2,22,2233,A233   ,ฝิ่น  ,Opium,,,,"LU 3100: available=28722, sampled=5000",ป่าไม่ผลัดใบรอสภาพฟื้นฟู  ,Disturbed evergreen forest,,
2,22,2234,A234   ,กัญชา กัญชง ,"Marihuana, Hemp",,,,"LU 3101: available=1169472, sampled=5000",ป่าไม่ผลัดใบสมบูรณ์  ,Dense evergreen forest,,
2,22,2235,A235    ,กระเจี๊ยบแดง  ,Roselle,,,,"LU 3200: available=143799, sampled=5000",ป่าผลัดใบรอสภาพฟื้นฟู  ,Disturbed deciduous forest,,
2,22,2236,A236    ,เผือก ,Taro,,,,"LU 3201: available=1045064, sampled=5000",ป่าผลัดใบสมบูรณ์  ,Dense deciduous forest,,
2,23,2300,A300,ไม้ยืนต้นร้าง/เสื่อมโทรม,Abandoned perennial,,,,"LU 3300: available=298, sampled=298",ป่าชายเลนรอสภาพฟื้นฟู  ,Disturbed mangrove  forest,,
2,23,2301,A301,ไม้ยืนต้นผสม  ,Mixed perennial,,,,"LU 3301: available=129825, sampled=5000",ป่าชายเลนสมบูรณ์  ,Dense mangrove  forest,,
2,23,2302,A302     ,ยางพารา  ,Para rubber,,,,"LU 3401: available=5214, sampled=5000",ป่าพรุสมบูรณ์  ,Dense swamp forest,,
2,23,2303,A303     ,ปาล์มน้ำมัน  ,Oil palm,,,,"LU 3501: available=14570, sampled=5000",ป่าปลูกสมบูรณ์  ,Dense forest plantation,,
2,23,2304,A304     ,ยูคาลิปตัส  ,Eucalyptus,,,,"LU 4101: available=57026, sampled=5000",แม่น้ำ ลำห้วย ลำคลอง,"River, Canal",,
2,23,2305,A305     ,สัก  ,Teak,,,,"LU 4102: available=9684, sampled=5000",หนอง บึง ทะเลสาบ,"Lake, Lagoon",,
2,23,2306,A306     ,สะเดา  ,Magosa,,,,"LU 4103: available=2908, sampled=2908",ทะเล,Ocean,,
2,23,2307,A307     ,สนประดิพัทธ์ ,Casuarina,,,,"LU 4201: available=778421, sampled=5000",อ่างเก็บน้ำ ,Reservoir,,
2,23,2308,A308     ,กระถิน,Acacia,,,,"LU 4202: available=54749, sampled=5000",บ่อน้ำในไร่นา  ,Farm pond,,
2,23,2309,A309     ,ประดู่  ,Padauk,,,,"LU 5101: available=371572, sampled=5000",,,,
2,23,2310,A310     ,ซ้อ  ,Gmelina sp.,,,,"LU 5102: available=250763, sampled=5000",,,,
2,23,2311,A311     ,ไม้ชายเลน  ,Mangrove,,,,"LU 5201: available=225505, sampled=5000",,,,
2,23,2312,A312    ,กาแฟ  ,Coffee,,,,"LU 5300: available=25758, sampled=5000",,,,
2,23,2313,A313     ,ชา  ,Tea,,,,"LU 5301: available=16555, sampled=5000",,,,
2,23,2314,A314    ,หม่อน  ,Mulberry,,,,"LU 5302: available=43293, sampled=5000",,,,
2,23,2315,A315    ,ไผ่ปลูกเพื่อการค้า,Bamboo,,,,"LU 5303: available=37944, sampled=5000",,,,
2,23,2316,A316    ,นุ่น  ,Kapok,,,,"LU 5304: available=24552, sampled=5000",,,,
2,23,2317,A317     ,หมาก  ,Betel palm,,,,"LU 5405: available=61990, sampled=5000",,,,
2,23,2318,A318     ,จามจุรี  ,Rain tree,,,,"LU 5701: available=2098, sampled=2098",,,,
2,23,2319,A319     ,ตีนเป็ด ,White cheesewood,,,,,,,,
2,23,2320,A320      ,เปล้า ,Croton sp.,,,,,,,,
2,23,2321,A321      ,ยมหอม มะฮอกกานี,"Indian mahogany, Broad leaf  mahogany",,,,,,,,
2,23,2322,A322       ,กฤษณา ,Eagle wood,,,,,,,,
2,23,2323,A323,ตะกู,Bur-flower tree,,,,,,,,
2,24,2400,A400,ไม้ผลร้าง/เสื่อมโทรม,Abandoned orchard,,,,,,,,
2,24,2401,A401     ,ไม้ผลผสม  ,Mixed orchard,,,,,,,,
2,24,2402,A402     ,ส้ม  ,Orange,,,,,,,,
2,24,2403,A403     ,ทุเรียน  ,Durian,,,,,,,,
2,24,2404,A404    ,เงาะ  ,Rambutan,,,,,,,,
2,24,2405,A405     ,มะพร้าว   ,Coconut,,,,,,,,
2,24,2406,A406     ,ลิ้นจี่  ,Litchi,,,,,,,,
2,24,2407,A407     ,มะม่วง  ,Mango,,,,,,,,
2,24,2408,A408   ,มะม่วงหิมพานต์  ,Cashew,,,,,,,,
2,24,2409,A409   ,พุทรา  ,Jujube,,,,,,,,
2,24,2410,A410    ,น้อยหน่า  ,Custard apple,,,,,,,,
2,24,2411,A411    ,กล้วย  ,Banana,,,,,,,,
2,24,2412,A412    ,มะขาม  ,Tamarind,,,,,,,,
2,24,2413,A413   ,ลำไย   ,Longan,,,,,,,,
2,24,2414,A414   ,ฝรั่ง  ,Guava,,,,,,,,
2,24,2415,A415    ,มะละกอ ,Papaya,,,,,,,,
2,24,2416,A416    ,ขนุน  ,Jack fruit,,,,,,,,
2,24,2417,A417     ,กระท้อน  ,Santol,,,,,,,,
2,24,2418,A418     ,ชมพู่  ,Rose apple,,,,,,,,
2,24,2419,A419    ,มังคุด  ,Mangosteen,,,,,,,,
2,24,2420,A420    ,ลางสาด ลองกอง ,Langsat,,,,,,,,
2,24,2421,A421     ,ระกำ สละ  ,"Rakum, Sala ",,,,,,,,
2,24,2422,A422     ,มะนาว  ,Lime,,,,,,,,
2,24,2423,A423    ,ไม้ผลเมืองหนาว ,Sub-tropical fruit,,,,,,,,
2,24,2424,A424     ,มะขามเทศ ,Manila tamarind,,,,,,,,
2,24,2425,A425    ,มะกอกน้ำ มะกอกฝรั่ง,Elaeocarpaceae,,,,,,,,
2,24,2426,A426    ,แก้วมังกร  ,Dragon fruit,,,,,,,,
2,24,2427,A427,ส้มโอ,Pomelo,,,,,,,,
2,24,2428,A428,ละมุด,Sapodilla,,,,,,,,
2,24,2429,A429,มะปราง มะยงชิด,Plummango,,,,,,,,
2,24,2430,A430,มะไฟ ละไม,Burmese grape,,,,,,,,
2,24,2431,A431,ทับทิม,Pomegranate,,,,,,,,
2,25,2500,A500,พืชสวนร้าง/เสื่อมโทรม,Abandoned horticulture,,,,,,,,
2,25,2501,A501    ,พืชสวนผสม  ,Mixed horticulture,,,,,,,,
2,25,2502,A502    ,พืชผัก  ,Truck crop,,,,,,,,
2,25,2503,A503     ,ไม้ดอก ไม้ประดับ,Floricultural/Ornamental plant,,,,,,,,
2,25,2504,A504     ,องุ่น  ,Grapevine,,,,,,,,
2,25,2505,A505     ,พริกไทย  ,Pepper,,,,,,,,
2,25,2506,A506    ,สตรอเบอรี่  ,Strawberry,,,,,,,,
2,25,2507,A507    ,เสาวรส ,Passion fruit,,,,,,,,
2,25,2508,A508    ,แรสเบอรี่  ,Raspberry,,,,,,,,
2,25,2509,A509     ,พืชสมุนไพร  ,Herbs,,,,,,,,
2,25,2510,A510     ,นาหญ้า  ,Grass plantation,,,,,,,,
2,25,2511,A511     ,หวาย  ,Rattan ,,,,,,,,
2,25,2512,A512,แคนตาลูป,Cantaloupe,,,,,,,,
2,25,2513,A513,กระเจี๊ยบเขียว,Okra,,,,,,,,
2,25,2514,A514,หน่อไม้ฝรั่ง,Asparagus,,,,,,,,
2,25,2515,A515,เห็ด,Mushroom,,,,,,,,
2,26,2600,A600    ,ไร่หมุนเวียนร้าง  ,Bush fallow,,,,,,,,
2,26,2601,A601   ,พืชไร่ผสม(ไร่หมุนเวียน) ,Mixed field crop(Shifting cultivation),,,,,,,,
2,26,2602,A602    ,ข้าวโพด(ไร่หมุนเวียน),Corn(Shifting cultivation),,,,,,,,
2,26,2603,A603    ,อ้อย(ไร่หมุนเวียน),Sugarcane(Shifting cultivation),,,,,,,,
2,26,2604,A604    ,มันสำปะหลัง(ไร่หมุนเวียน)   ,Cassava(Shifting cultivation),,,,,,,,
2,26,2605,A605    ,สับปะรด(ไร่หมุนเวียน)  ,Pineapple(Shifting cultivation),,,,,,,,
2,26,2606,A606    ,ยาสูบ(ไร่หมุนเวียน)  ,Tobacco(Shifting cultivation),,,,,,,,
2,26,2607,A607   ,ฝ้าย(ไร่หมุนเวียน)  ,Cotton(Shifting cultivation),,,,,,,,
2,26,2608,A608    ,ถั่วเขียว(ไร่หมุนเวียน)    ,Mungbean(Shifting cultivation),,,,,,,,
2,26,2609,A609   ,ถั่วเหลือง(ไร่หมุนเวียน)     ,Soybean(Shifting cultivation),,,,,,,,
2,26,2610,A610    ,ถั่วลิสง(ไร่หมุนเวียน)   ,Peanut(Shifting cultivation),,,,,,,,
2,26,2611,A611    ,ปอแก้ว ปอกระเจา(ไร่หมุนเวียน),"Kenaf, Jute(Shifting cultivation)",,,,,,,,
2,26,2612,A612    ,ถั่วดำ ถั่วแดง(ไร่หมุนเวียน)  ,"Black bean, Red bean(Shifting cultivation)",,,,,,,,
2,26,2613,A613    ,ข้าวฟ่าง(ไร่หมุนเวียน)    ,Sorghum(Shifting cultivation),,,,,,,,
2,26,2614,A614    ,ละหุ่ง(ไร่หมุนเวียน)    ,Castor bean(Shifting cultivation),,,,,,,,
2,26,2615,A615    ,งา(ไร่หมุนเวียน)     ,Sesame(Shifting cultivation),,,,,,,,
2,26,2616,A616    ,ข้าวไร่(ไร่หมุนเวียน)    ,Upland rice(Shifting cultivation),,,,,,,,
2,26,2617,A617    ,มันฝรั่ง(ไร่หมุนเวียน)    ,Potato(Shifting cultivation),,,,,,,,
2,26,2618,A618    ,มันแกว(ไร่หมุนเวียน)     ,Jam potato(Shifting cultivation),,,,,,,,
2,26,2619,A619    ,มันเทศ(ไร่หมุนเวียน)    ,Sweet potato(Shifting cultivation),,,,,,,,
2,26,2620,A620    ,แตงโม(ไร่หมุนเวียน)    ,Watermelon(Shifting cultivation),,,,,,,,
2,26,2621,A621    ,ลูกเดือย(ไร่หมุนเวียน)    ,Millet(Shifting cultivation),,,,,,,,
2,26,2622,A622    ,ขิง(ไร่หมุนเวียน)             ,Ginger(Shifting cultivation),,,,,,,,
2,26,2623,A623    ,กะหล่ำปลี(ไร่หมุนเวียน)  ,Cabbage(Shifting cultivation),,,,,,,,
2,26,2624,A624    ,มะเขือเทศ(ไร่หมุนเวียน)   ,Tomato(Shifting cultivation),,,,,,,,
2,26,2625,A625   ,ว่านหางจระเข้(ไร่หมุนเวียน)    ,Aloe vera(Shifting cultivation),,,,,,,,
2,26,2626,A626   ,ป่านศรนารายณ์(ไร่หมุนเวียน)    ,Agave(Shifting cultivation),,,,,,,,
2,26,2627,A627   ,ปอสา(ไร่หมุนเวียน)   ,Paper mulberry(Shifting cultivation),,,,,,,,
2,26,2628,A628   ,ทานตะวัน(ไร่หมุนเวียน)   ,Sunflower(Shifting cultivation),,,,,,,,
2,26,2629,A629    ,พริก(ไร่หมุนเวียน)     ,Chili(Shifting cultivation),,,,,,,,
2,26,2630,A630    ,ข้าวสาลี(ไร่หมุนเวียน)       ,Wheat(Shifting cultivation),,,,,,,,
2,26,2631,A631  ,ข้าวบาร์เลย์(ไร่หมุนเวียน)       ,Barley(Shifting cultivation),,,,,,,,
2,26,2632,A632    ,ข้าวไรย์(ไร่หมุนเวียน)       ,Rye(Shifting cultivation),,,,,,,,
2,26,2633,A633   ,ฝิ่น(ไร่หมุนเวียน)       ,Opium(Shifting cultivation),,,,,,,,
2,26,2634,A634   ,กัญชา กัญชง(ไร่หมุนเวียน)     ,"Marihuana, Hemp(Shifting cultivation)",,,,,,,,
2,26,2635,A635    ,กระเจี๊ยบแดง(ไร่หมุนเวียน)     ,Roselle(Shifting cultivation),,,,,,,,
2,26,2636,A636    ,เผือก(ไร่หมุนเวียน)      ,Taro(Shifting cultivation),,,,,,,,
2,27,2700,A700,โรงเรือนร้าง,Abandoned farm house,,,,,,,,
2,27,2701,A701   ,ทุ่งหญ้าเลี้ยงสัตว์  ,Pasture,,,,,,,,
2,27,2702,A702    ,โรงเรือนเลี้ยงโค กระบือ และม้า,Cattle farm house,,,,,,,,
2,27,2703,A703    ,โรงเรือนเลี้ยงสัตว์ปีก ,Poultry  farm house,,,,,,,,
2,27,2704,A704    ,โรงเรือนเลี้ยงสุกร ,Swine farm house,,,,,,,,
2,28,2801,A801     ,พืชน้ำผสม  ,Mixed aquatic plant,,,,,,,,
2,28,2802,A802      ,กก  ,Reed,,,,,,,,
2,28,2803,A803     ,บัว  ,Lotus,,,,,,,,
2,28,2804,A804     ,กระจับ  ,Water caltrop,,,,,,,,
2,28,2805,A805    ,แห้ว ,Water chestnut ,,,,,,,,
2,28,2806,A806    ,ผักบุ้ง  ,Water spinach,,,,,,,,
2,28,2807,A807     ,ผักกะเฉด  ,Water mimosa,,,,,,,,
2,29,2900,A900     ,สถานที่เพาะเลี้ยงสัตว์น้ำร้าง ,Abandoned aquacultural land,,,,,,,,
2,29,2901,A901     ,สถานที่เพาะเลี้ยงสัตว์น้ำผสม ,Mixed aquacultural land,,,,,,,,
2,29,2902,A902     ,สถานที่เพาะเลี้ยงปลา ,Fish farm,,,,,,,,
2,29,2903,A903     ,สถานที่เพาะเลี้ยงกุ้ง ,Shrimp farm,,,,,,,,
2,29,2904,A904    ,สถานที่เพาะเลี้ยงปู หอย ,Crab/Shellfish farm,,,,,,,,
2,29,2905,A905     ,ฟาร์มจระเข้  ,Crocodile farm,,,,,,,,
2,20,2001,A001,เกษตรผสมผสาน/ไร่นาสวนผสม,Integrated farm/Diversified farm,,,,,,,,
3,31,3100,F100   ,ป่าไม่ผลัดใบรอสภาพฟื้นฟู  ,Disturbed evergreen forest,,,,,,,,
3,31,3101,F101   ,ป่าไม่ผลัดใบสมบูรณ์  ,Dense evergreen forest,,,,,,,,
3,32,3200,F200    ,ป่าผลัดใบรอสภาพฟื้นฟู  ,Disturbed deciduous forest,,,,,,,,
3,32,3201,F201,ป่าผลัดใบสมบูรณ์  ,Dense deciduous forest,,,,,,,,
3,33,3300,F300   ,ป่าชายเลนรอสภาพฟื้นฟู  ,Disturbed mangrove  forest,,,,,,,,
3,33,3301,F301    ,ป่าชายเลนสมบูรณ์  ,Dense mangrove  forest,,,,,,,,
3,34,3400,F400    ,ป่าพรุรอสภาพฟื้นฟู  ,Disturbed swamp forest,,,,,,,,
3,34,3401,F401   ,ป่าพรุสมบูรณ์  ,Dense swamp forest,,,,,,,,
3,35,3500,F500    ,ป่าปลูกรอสภาพฟื้นฟู  ,Disturbed forest plantation,,,,,,,,
3,35,3501,F501   ,ป่าปลูกสมบูรณ์  ,Dense forest plantation,,,,,,,,
3,36,3600,F600    ,วนเกษตรรอสภาพฟื้นฟู  ,Disturbed agro-forestry,,,,,,,,
3,36,3601,F601   ,วนเกษตรสมบูรณ์  ,Dense agro-forestry,,,,,,,,
3,37,3700,F700    ,ป่าชายหาดรอสภาพฟื้นฟู  ,Disturbed beach forest,,,,,,,,
3,37,3701,F701   ,ป่าชายหาดสมบูรณ์  ,Dense beach forest,,,,,,,,
4,41,4101,W101     ,แม่น้ำ ลำห้วย ลำคลอง,"River, Canal",,,,,,,,
4,41,4102,W102    ,หนอง บึง ทะเลสาบ,"Lake, Lagoon",,,,,,,,
4,41,4103,W103,ทะเล,Ocean,,,,,,,,
4,42,4201,W201    ,อ่างเก็บน้ำ ,Reservoir,,,,,,,,
4,42,4202,W202     ,บ่อน้ำในไร่นา  ,Farm pond,,,,,,,,
4,42,4203,W203     ,คลองชลประทาน ,Irrigation canal,,,,,,,,
5,51,5101,M101     ,ทุ่งหญ้าธรรมชาติ  ,Grass,,,,,,,,
5,51,5102,M102     ,ทุ่งหญ้าสลับไม้พุ่ม/ไม้ละเมาะ,Shrubland,,,,,,,,
5,51,5103,M103     ,ไผ่ป่า ไผ่หนาม,Giant thorny bamboo,,,,,,,,
5,52,5201,M201,พื้นที่ลุ่ม,Marsh and Swamp,,,,,,,,
5,53,5300,M300     ,เหมืองเก่า บ่อขุดเก่า,"Abandoned mine, Pit",,,,,,,,
5,53,5301,M301    ,เหมืองแร่  ,Mine,,,,,,,,
5,53,5302,M302    ,บ่อลูกรัง   ,Laterite pit,,,,,,,,
5,53,5303,M303          ,บ่อทราย   ,Sand pit,,,,,,,,
5,53,5304,M304     ,บ่อดิน ,Soil pit,,,,,,,,
5,53,5305,M305     ,พื้นที่ขุดเจาะน้ำมัน,Oil field,,,,,,,,
5,54,5401,M401,พื้นที่กองวัสดุ,Material dump,,,,,,,,
5,54,5402,M402,พื้นที่ดินถล่ม,Landslide,,,,,,,,
5,54,5403,M403     ,ที่หินโผล่  ,Rock out crop,,,,,,,,
5,54,5404,M404, -, -,,,,,,,,
5,54,5405,M405    ,พื้นที่ถม   ,Landfill,,,,,,,,
5,55,5500,M500,นาเกลือร้าง,Abandoned salt flat,,,,,,,,
5,55,5501,M501,นาเกลือ,Salt flat,,,,,,,,
5,56,5601,M601,หาดทราย  ,Beach,,,,,,,,
5,57,5701,M701,ที่ทิ้งขยะ      ,Garbage dump  ,,,,,,,,
