alpha2,alpha3,cal_macro_f1,cal_alive,tune_macro_f1,tune_alive
0.0,0.0,0.2612,8,0.2126,7
0.0,0.1,0.262,8,0.2139,7
0.0,0.2,0.2629,10,0.2155,7
0.0,0.3,0.2632,10,0.2169,8
0.0,0.4,0.2642,10,0.2181,10
0.0,0.5,0.2648,10,0.2196,10
0.0,0.6,0.2645,10,0.2199,10
0.0,0.7,0.2622,9,0.2191,10
0.0,0.8,0.2557,9,0.2158,10
0.0,0.9,0.2438,9,0.205,10
0.0,1.0,0.2231,9,0.1867,10
0.0,1.1,0.2014,9,0.171,10
0.0,1.2,0.1813,8,0.1547,8
0.1,0.0,0.2641,8,0.2163,7
0.1,0.1,0.2654,9,0.2178,7
0.1,0.2,0.2664,10,0.2194,7
0.1,0.3,0.2672,10,0.2213,10
0.1,0.4,0.2686,10,0.2225,10
0.1,0.5,0.2698,10,0.2242,10
0.1,0.6,0.2702,10,0.2243,10
0.1,0.7,0.2676,10,0.2235,10
0.1,0.8,0.2611,10,0.2199,10
0.1,0.9,0.2485,10,0.2084,10
0.1,1.0,0.2267,10,0.1887,11
0.1,1.1,0.2039,9,0.1721,10
0.1,1.2,0.1837,8,0.1555,10
0.2,0.0,0.265,8,0.2182,7
0.2,0.1,0.2667,9,0.2203,7
0.2,0.2,0.268,10,0.2218,8
0.2,0.3,0.2689,10,0.2239,10
0.2,0.4,0.2706,10,0.2253,10
0.2,0.5,0.2721,10,0.2272,10
0.2,0.6,0.2729,10,0.2272,10
0.2,0.7,0.2704,10,0.2266,10
0.2,0.8,0.2636,10,0.2224,10
0.2,0.9,0.2511,10,0.2105,10
0.2,1.0,0.2289,10,0.1894,11
0.2,1.1,0.2057,9,0.1721,11
0.2,1.2,0.1852,8,0.1553,10
0.3,0.0,0.2643,8,0.2182,7
0.3,0.1,0.2661,9,0.2204,7
0.3,0.2,0.2675,9,0.2219,8
0.3,0.3,0.2686,9,0.2245,10
0.3,0.4,0.2703,10,0.226,10
0.3,0.5,0.272,10,0.2279,10
0.3,0.6,0.2729,9,0.2279,10
0.3,0.7,0.2704,10,0.2276,10
0.3,0.8,0.2637,10,0.2233,10
0.3,0.9,0.252,10,0.2111,10
0.3,1.0,0.23,10,0.1894,11
0.3,1.1,0.2066,10,0.1716,11
0.3,1.2,0.186,8,0.1545,9
0.4,0.0,0.2624,9,0.2167,7
0.4,0.1,0.2643,9,0.2195,8
0.4,0.2,0.2657,9,0.2212,8
0.4,0.3,0.267,9,0.224,10
0.4,0.4,0.2688,9,0.2251,10
0.4,0.5,0.2705,9,0.2273,10
0.4,0.6,0.2712,9,0.2269,10
0.4,0.7,0.2691,10,0.2264,10
0.4,0.8,0.2628,10,0.2221,10
0.4,0.9,0.2518,10,0.2102,10
0.4,1.0,0.2304,10,0.1883,10
0.4,1.1,0.2069,10,0.1704,11
0.4,1.2,0.1864,9,0.1533,9
0.5,0.0,0.2594,9,0.2142,7
0.5,0.1,0.2611,9,0.2172,8
0.5,0.2,0.2625,9,0.2192,8
0.5,0.3,0.264,9,0.2219,10
0.5,0.4,0.2657,9,0.2229,10
0.5,0.5,0.2674,9,0.2247,10
0.5,0.6,0.2682,10,0.2245,10
0.5,0.7,0.2662,10,0.2239,10
0.5,0.8,0.2605,10,0.2198,10
0.5,0.9,0.2507,10,0.2084,10
0.5,1.0,0.2299,10,0.1866,10
0.5,1.1,0.2064,10,0.1685,11
0.5,1.2,0.1861,9,0.1514,9
0.6,0.0,0.2558,9,0.2109,7
0.6,0.1,0.2575,9,0.2136,8
0.6,0.2,0.2589,9,0.2165,8
0.6,0.3,0.2601,9,0.2188,10
0.6,0.4,0.2617,9,0.2194,10
0.6,0.5,0.2632,9,0.2213,10
0.6,0.6,0.264,10,0.2211,10
0.6,0.7,0.2623,10,0.2201,10
0.6,0.8,0.2573,10,0.2163,10
0.6,0.9,0.2485,10,0.2056,10
0.6,1.0,0.2286,10,0.1842,10
0.6,1.1,0.2053,10,0.1662,10
0.6,1.2,0.1851,9,0.1491,9
0.7,0.0,0.2522,9,0.2073,7
0.7,0.1,0.2536,9,0.2103,8
0.7,0.2,0.2547,9,0.2129,8
0.7,0.3,0.2558,9,0.2151,10
0.7,0.4,0.2574,9,0.2155,10
0.7,0.5,0.2586,9,0.2173,10
0.7,0.6,0.2593,10,0.2169,10
0.7,0.7,0.2579,10,0.216,10
0.7,0.8,0.2536,10,0.2126,10
0.7,0.9,0.2458,10,0.2027,10
0.7,1.0,0.2269,10,0.1816,10
0.7,1.1,0.2039,10,0.1637,10
0.7,1.2,0.184,9,0.1467,9
0.8,0.0,0.2479,9,0.2033,7
0.8,0.1,0.2491,9,0.2062,8
0.8,0.2,0.2501,9,0.2088,8
0.8,0.3,0.2509,9,0.211,10
0.8,0.4,0.2524,9,0.2114,10
0.8,0.5,0.2535,9,0.2128,10
0.8,0.6,0.2541,10,0.2124,10
0.8,0.7,0.253,10,0.2113,10
0.8,0.8,0.2494,10,0.2084,10
0.8,0.9,0.2424,10,0.1991,10
0.8,1.0,0.2245,10,0.1787,10
0.8,1.1,0.202,10,0.1609,10
0.8,1.2,0.1823,9,0.144,9
0.9,0.0,0.2434,9,0.199,7
0.9,0.1,0.2445,9,0.2021,8
0.9,0.2,0.2455,9,0.2045,8
0.9,0.3,0.246,9,0.2067,9
0.9,0.4,0.2473,9,0.2073,10
0.9,0.5,0.2482,9,0.2083,10
0.9,0.6,0.2487,10,0.2077,10
0.9,0.7,0.2478,10,0.2067,10
0.9,0.8,0.2446,10,0.2042,10
0.9,0.9,0.2387,10,0.1957,10
0.9,1.0,0.2219,10,0.1758,10
0.9,1.1,0.1998,10,0.1582,10
0.9,1.2,0.1803,9,0.1415,9
1.0,0.0,0.2376,9,0.1946,7
1.0,0.1,0.2387,9,0.1982,8
1.0,0.2,0.2397,9,0.201,8
1.0,0.3,0.2404,9,0.2027,9
1.0,0.4,0.2414,9,0.2029,9
1.0,0.5,0.2421,10,0.2034,10
1.0,0.6,0.2424,10,0.2026,10
1.0,0.7,0.2415,10,0.2017,10
1.0,0.8,0.2387,10,0.1996,10
1.0,0.9,0.2338,10,0.1918,10
1.0,1.0,0.2182,10,0.1726,10
1.0,1.1,0.1967,10,0.1554,10
1.0,1.2,0.1775,9,0.1389,9
1.1,0.0,0.2309,9,0.1894,7
1.1,0.1,0.2318,9,0.1933,8
1.1,0.2,0.2328,9,0.1962,8
1.1,0.3,0.2335,9,0.1977,9
1.1,0.4,0.2344,9,0.1978,9
1.1,0.5,0.235,10,0.1981,9
1.1,0.6,0.2352,10,0.1973,10
1.1,0.7,0.2345,10,0.1964,10
1.1,0.8,0.232,10,0.1946,10
1.1,0.9,0.228,10,0.1876,10
1.1,1.0,0.2135,10,0.1692,10
1.1,1.1,0.1927,10,0.1523,10
1.1,1.2,0.174,9,0.136,9
1.2,0.0,0.2226,9,0.1838,7
1.2,0.1,0.2236,9,0.1877,8
1.2,0.2,0.2245,9,0.1905,9
1.2,0.3,0.225,9,0.1919,9
1.2,0.4,0.2259,9,0.1917,9
1.2,0.5,0.2262,10,0.192,9
1.2,0.6,0.2265,10,0.1913,9
1.2,0.7,0.2258,10,0.1905,10
1.2,0.8,0.2237,10,0.1891,10
1.2,0.9,0.2205,10,0.1829,10
1.2,1.0,0.2075,10,0.1653,10
1.2,1.1,0.1875,10,0.149,10
1.2,1.2,0.1692,9,0.1331,9
