alpha2,alpha3,econ13_macro_f1,classes_alive,crop_macro_f1_flat,flat15_macro_f1,accuracy,kappa,econ13_macro_precision,econ13_macro_recall
0.0,0.0,0.1823,13,0.1574,0.2368,0.6827,0.5226,0.1726,0.2577
0.0,0.1,0.1867,13,0.1612,0.2401,0.6932,0.5341,0.1768,0.2597
0.0,0.2,0.1907,13,0.1646,0.2431,0.7004,0.5419,0.1822,0.2597
0.0,0.3,0.1943,13,0.1677,0.2457,0.7052,0.5471,0.1891,0.2587
0.0,0.4,0.1974,13,0.1704,0.2481,0.7083,0.5504,0.1972,0.2575
0.0,0.45,0.1986,13,0.1715,0.249,0.7094,0.5516,0.2017,0.2559
0.0,0.5,0.1999,13,0.1726,0.25,0.7102,0.5525,0.2064,0.2549
0.0,0.55,0.2008,13,0.1735,0.2508,0.7109,0.5532,0.2111,0.2534
0.0,0.552,0.2009,13,0.1735,0.2508,0.7109,0.5532,0.2113,0.2534
0.0,0.6,0.2019,13,0.1744,0.2516,0.7115,0.5537,0.2162,0.2523
0.0,0.65,0.2027,13,0.1752,0.2523,0.7119,0.5542,0.2207,0.251
0.0,0.7,0.2035,13,0.176,0.2529,0.7122,0.5545,0.2263,0.2497
0.0,0.8,0.2037,12,0.1767,0.2535,0.7127,0.5549,0.2326,0.2466
0.0,0.858,0.2037,12,0.1769,0.2538,0.7129,0.5551,0.2366,0.2451
0.0,0.9,0.2031,12,0.1767,0.2535,0.713,0.5552,0.2403,0.2438
0.0,1.0,0.2029,12,0.177,0.2538,0.7132,0.5553,0.2474,0.2421
0.1,0.0,0.1869,13,0.1608,0.2398,0.6894,0.5297,0.1759,0.2616
0.1,0.1,0.1917,13,0.1648,0.2432,0.7001,0.5415,0.1802,0.2634
0.1,0.2,0.1962,13,0.1685,0.2464,0.7076,0.5497,0.1857,0.2633
0.1,0.3,0.2003,13,0.1718,0.2493,0.7127,0.5552,0.1924,0.2623
0.1,0.4,0.2039,13,0.1749,0.252,0.716,0.5588,0.2004,0.2609
0.1,0.45,0.2054,13,0.1762,0.2531,0.7172,0.5601,0.2047,0.2593
0.1,0.5,0.2068,13,0.1775,0.2543,0.7181,0.5611,0.2095,0.258
0.1,0.55,0.2079,13,0.1786,0.2552,0.7189,0.5619,0.2143,0.2565
0.1,0.552,0.208,13,0.1786,0.2552,0.7189,0.5619,0.2145,0.2565
0.1,0.6,0.2091,13,0.1796,0.2561,0.7195,0.5625,0.2198,0.2551
0.1,0.65,0.21,13,0.1805,0.2569,0.72,0.563,0.2247,0.2539
0.1,0.7,0.2107,13,0.1813,0.2576,0.7204,0.5633,0.2305,0.2527
0.1,0.8,0.2109,13,0.1821,0.2582,0.7209,0.5639,0.2422,0.2495
0.1,0.858,0.2107,13,0.1823,0.2584,0.7212,0.564,0.2485,0.2481
0.1,0.9,0.2098,13,0.1819,0.258,0.7213,0.5641,0.2524,0.2466
0.1,1.0,0.2094,13,0.182,0.2581,0.7215,0.5643,0.2597,0.2448
0.2,0.0,0.1916,13,0.1641,0.2427,0.6958,0.5364,0.1795,0.2638
0.2,0.1,0.1967,13,0.1683,0.2463,0.7068,0.5486,0.1839,0.2657
0.2,0.2,0.2015,13,0.1721,0.2496,0.7146,0.5571,0.1893,0.2656
0.2,0.3,0.2059,13,0.1757,0.2527,0.7199,0.563,0.1958,0.2644
0.2,0.4,0.2101,13,0.1791,0.2556,0.7234,0.5668,0.2035,0.2629
0.2,0.45,0.2117,13,0.1805,0.2568,0.7247,0.5682,0.2076,0.2612
0.2,0.5,0.2134,13,0.182,0.2581,0.7258,0.5693,0.2122,0.2599
0.2,0.55,0.2145,13,0.1831,0.2591,0.7266,0.5702,0.2168,0.2581
0.2,0.552,0.2145,13,0.1831,0.2591,0.7266,0.5702,0.217,0.2579
0.2,0.6,0.2156,13,0.1842,0.2601,0.7273,0.5709,0.222,0.2566
0.2,0.65,0.2167,13,0.1853,0.261,0.7278,0.5714,0.2272,0.2555
0.2,0.7,0.2172,13,0.1861,0.2617,0.7283,0.5719,0.2328,0.2542
0.2,0.8,0.2171,13,0.1867,0.2622,0.7289,0.5725,0.2443,0.2513
0.2,0.858,0.2164,13,0.1865,0.262,0.7292,0.5727,0.2493,0.2495
0.2,0.9,0.2158,13,0.1863,0.2618,0.7294,0.5728,0.2537,0.2484
0.2,1.0,0.2156,13,0.1866,0.2621,0.7297,0.573,0.2678,0.2467
0.3,0.0,0.1963,13,0.1675,0.2456,0.702,0.5428,0.1836,0.2653
0.3,0.1,0.2017,13,0.1718,0.2493,0.7133,0.5554,0.1881,0.267
0.3,0.2,0.2067,13,0.1757,0.2527,0.7213,0.5643,0.1934,0.2668
0.3,0.3,0.2114,13,0.1794,0.2559,0.7269,0.5704,0.1996,0.2655
0.3,0.4,0.2159,13,0.1829,0.2589,0.7307,0.5745,0.207,0.2637
0.3,0.45,0.2175,13,0.1844,0.2602,0.7321,0.576,0.2107,0.2619
0.3,0.5,0.2193,13,0.186,0.2616,0.7332,0.5772,0.215,0.2605
0.3,0.55,0.2205,13,0.1872,0.2626,0.7341,0.5782,0.2194,0.2586
0.3,0.552,0.2206,13,0.1872,0.2627,0.7342,0.5782,0.2196,0.2586
0.3,0.6,0.2218,13,0.1885,0.2638,0.7349,0.579,0.2243,0.2574
0.3,0.65,0.2227,13,0.1895,0.2647,0.7355,0.5796,0.2297,0.2561
0.3,0.7,0.223,13,0.1902,0.2652,0.736,0.5801,0.2346,0.2547
0.3,0.8,0.2227,13,0.1907,0.2657,0.7367,0.5808,0.2448,0.2519
0.3,0.858,0.2219,13,0.1905,0.2655,0.7371,0.581,0.2498,0.2502
0.3,0.9,0.2214,13,0.1902,0.2653,0.7373,0.5812,0.2525,0.2491
0.3,1.0,0.2212,13,0.1906,0.2656,0.7376,0.5814,0.2681,0.2474
0.4,0.0,0.201,13,0.1709,0.2485,0.708,0.5488,0.1885,0.2652
0.4,0.1,0.2067,13,0.1753,0.2523,0.7197,0.5618,0.1929,0.2667
0.4,0.2,0.2119,13,0.1793,0.2558,0.728,0.5711,0.1981,0.2666
0.4,0.3,0.2168,13,0.183,0.259,0.7338,0.5776,0.2042,0.265
0.4,0.4,0.2214,13,0.1866,0.2621,0.7378,0.582,0.2112,0.2631
0.4,0.45,0.2233,13,0.1881,0.2635,0.7393,0.5836,0.2148,0.2614
0.4,0.5,0.2251,13,0.1898,0.2649,0.7405,0.5849,0.219,0.2601
0.4,0.55,0.2262,13,0.1909,0.2659,0.7415,0.586,0.223,0.258
0.4,0.552,0.2263,13,0.191,0.266,0.7415,0.586,0.2232,0.258
0.4,0.6,0.2278,13,0.1925,0.2672,0.7423,0.5868,0.2281,0.257
0.4,0.65,0.2285,13,0.1935,0.2681,0.743,0.5875,0.2333,0.2556
0.4,0.7,0.2285,13,0.194,0.2685,0.7436,0.588,0.2377,0.2541
0.4,0.8,0.2284,13,0.1947,0.2691,0.7444,0.5888,0.248,0.2514
0.4,0.858,0.2273,13,0.1942,0.2687,0.7448,0.5891,0.2516,0.2495
0.4,0.9,0.2268,13,0.194,0.2686,0.745,0.5893,0.2536,0.2485
0.4,1.0,0.2265,13,0.1943,0.2688,0.7454,0.5896,0.266,0.2467
0.45,0.0,0.2034,13,0.1726,0.25,0.7109,0.5516,0.1913,0.2642
0.45,0.1,0.2091,13,0.177,0.2538,0.7228,0.5649,0.1957,0.2656
0.45,0.2,0.2144,13,0.181,0.2573,0.7312,0.5743,0.2008,0.2655
0.45,0.3,0.2193,13,0.1847,0.2605,0.7372,0.581,0.2067,0.2637
0.45,0.4,0.2239,13,0.1882,0.2636,0.7413,0.5855,0.2136,0.2617
0.45,0.45,0.2258,13,0.1898,0.2649,0.7428,0.5872,0.2172,0.2602
0.45,0.5,0.2277,13,0.1915,0.2663,0.7441,0.5886,0.2212,0.2589
0.45,0.55,0.2288,13,0.1926,0.2674,0.7451,0.5897,0.2252,0.2569
0.45,0.552,0.2288,13,0.1927,0.2674,0.7452,0.5897,0.2254,0.2568
0.45,0.6,0.2304,13,0.1943,0.2688,0.746,0.5905,0.2305,0.256
0.45,0.65,0.2312,13,0.1953,0.2697,0.7467,0.5913,0.2356,0.2546
0.45,0.7,0.2309,13,0.1955,0.2699,0.7473,0.5918,0.2391,0.2529
0.45,0.8,0.231,13,0.1964,0.2707,0.7482,0.5927,0.2498,0.2504
0.45,0.858,0.2298,13,0.1959,0.2702,0.7486,0.593,0.2534,0.2484
0.45,0.9,0.2293,13,0.1957,0.27,0.7488,0.5932,0.2548,0.2474
0.45,1.0,0.2288,13,0.1959,0.2702,0.7493,0.5935,0.267,0.2455
0.5,0.0,0.2058,13,0.1744,0.2515,0.7138,0.5543,0.1944,0.2633
0.5,0.1,0.2116,13,0.1788,0.2554,0.7258,0.5678,0.1988,0.2646
0.5,0.2,0.2171,13,0.1829,0.2589,0.7344,0.5775,0.2039,0.2644
0.5,0.3,0.222,13,0.1865,0.2621,0.7405,0.5843,0.2098,0.2625
0.5,0.4,0.2267,13,0.1901,0.2652,0.7447,0.589,0.2166,0.2606
0.5,0.45,0.2286,13,0.1917,0.2666,0.7462,0.5907,0.2202,0.259
0.5,0.5,0.2304,13,0.1933,0.268,0.7476,0.5921,0.2241,0.2576
0.5,0.55,0.2314,13,0.1944,0.2689,0.7486,0.5932,0.228,0.2556
0.5,0.552,0.2315,13,0.1945,0.269,0.7487,0.5933,0.2282,0.2556
0.5,0.6,0.2332,13,0.1962,0.2704,0.7495,0.5942,0.2334,0.2548
0.5,0.65,0.2338,13,0.1971,0.2712,0.7503,0.5949,0.2386,0.2533
0.5,0.7,0.2337,13,0.1975,0.2716,0.7509,0.5955,0.2423,0.2517
0.5,0.8,0.2335,13,0.1982,0.2722,0.7518,0.5964,0.2526,0.249
0.5,0.858,0.2323,13,0.1977,0.2717,0.7523,0.5968,0.2558,0.2471
0.5,0.9,0.2317,13,0.1974,0.2715,0.7525,0.597,0.2563,0.246
0.5,1.0,0.2312,13,0.1976,0.2717,0.753,0.5973,0.2676,0.2442
0.55,0.0,0.208,13,0.176,0.253,0.7166,0.5568,0.1978,0.2608
0.55,0.1,0.214,13,0.1805,0.2568,0.7287,0.5705,0.2021,0.2618
0.55,0.2,0.2195,13,0.1846,0.2604,0.7375,0.5804,0.2072,0.2618
0.55,0.3,0.2242,13,0.1881,0.2635,0.7436,0.5874,0.2129,0.2597
0.55,0.4,0.2288,13,0.1917,0.2665,0.748,0.5922,0.2196,0.2579
0.55,0.45,0.2309,13,0.1933,0.268,0.7496,0.5939,0.2233,0.2567
0.55,0.5,0.2325,13,0.1948,0.2692,0.7509,0.5954,0.2271,0.2552
0.55,0.55,0.2333,13,0.1958,0.2701,0.752,0.5966,0.2307,0.2532
0.55,0.552,0.2334,13,0.1959,0.2702,0.7521,0.5967,0.231,0.2532
0.55,0.6,0.235,13,0.1974,0.2715,0.753,0.5976,0.2362,0.2524
0.55,0.65,0.2358,13,0.1985,0.2724,0.7537,0.5984,0.2412,0.2512
0.55,0.7,0.2361,13,0.1992,0.273,0.7544,0.599,0.2462,0.2499
0.55,0.8,0.2358,13,0.1998,0.2736,0.7554,0.5999,0.2567,0.2471
0.55,0.858,0.2347,13,0.1994,0.2732,0.7558,0.6003,0.2589,0.2453
0.55,0.9,0.234,13,0.199,0.2729,0.7561,0.6005,0.2596,0.2441
0.55,1.0,0.2334,13,0.1991,0.273,0.7566,0.6009,0.2723,0.2422
0.552,0.0,0.2081,13,0.1761,0.253,0.7167,0.5569,0.198,0.2607
0.552,0.1,0.2141,13,0.1805,0.2569,0.7289,0.5707,0.2023,0.2618
0.552,0.2,0.2196,13,0.1846,0.2604,0.7376,0.5805,0.2074,0.2617
0.552,0.3,0.2243,13,0.1882,0.2635,0.7438,0.5875,0.2131,0.2596
0.552,0.4,0.2289,13,0.1917,0.2666,0.7481,0.5923,0.2197,0.2577
0.552,0.45,0.2309,13,0.1934,0.268,0.7497,0.5941,0.2234,0.2565
0.552,0.5,0.2326,13,0.1949,0.2693,0.7511,0.5956,0.2272,0.2551
0.552,0.55,0.2334,13,0.1958,0.2701,0.7522,0.5967,0.2309,0.2531
0.552,0.552,0.2335,13,0.1959,0.2702,0.7522,0.5968,0.2311,0.2531
0.552,0.6,0.2351,13,0.1975,0.2716,0.7531,0.5977,0.2364,0.2523
0.552,0.65,0.2359,13,0.1985,0.2725,0.7539,0.5985,0.2414,0.2511
0.552,0.7,0.2362,13,0.1992,0.2731,0.7545,0.5991,0.2463,0.2498
0.552,0.8,0.2359,13,0.1999,0.2736,0.7555,0.6001,0.2569,0.247
0.552,0.858,0.2349,13,0.1994,0.2733,0.756,0.6005,0.2591,0.2452
0.552,0.9,0.2341,13,0.1991,0.2729,0.7562,0.6007,0.2599,0.244
0.552,1.0,0.2335,13,0.1992,0.2731,0.7568,0.601,0.2725,0.2421
0.6,0.0,0.2102,13,0.1777,0.2544,0.7191,0.5591,0.2017,0.2581
0.6,0.1,0.2163,13,0.1822,0.2583,0.7315,0.5731,0.206,0.2591
0.6,0.2,0.2218,13,0.1863,0.2618,0.7404,0.5831,0.211,0.2589
0.6,0.3,0.2265,13,0.1898,0.2649,0.7467,0.5902,0.2166,0.2568
0.6,0.4,0.2308,13,0.1931,0.2678,0.7511,0.5952,0.2231,0.2548
0.6,0.45,0.2328,13,0.1947,0.2692,0.7527,0.597,0.2267,0.2538
0.6,0.5,0.2344,13,0.1962,0.2705,0.7541,0.5985,0.2305,0.2525
0.6,0.55,0.2354,13,0.1973,0.2714,0.7553,0.5997,0.2344,0.2508
0.6,0.552,0.2355,13,0.1973,0.2714,0.7553,0.5998,0.2346,0.2507
0.6,0.6,0.237,13,0.1988,0.2727,0.7562,0.6007,0.2402,0.2499
0.6,0.65,0.2378,13,0.1999,0.2736,0.757,0.6016,0.2457,0.2487
0.6,0.7,0.238,13,0.2004,0.2741,0.7577,0.6022,0.25,0.2473
0.6,0.8,0.2375,13,0.2009,0.2745,0.7588,0.6032,0.2604,0.2445
0.6,0.858,0.2366,13,0.2006,0.2742,0.7592,0.6036,0.2599,0.2429
0.6,0.9,0.2362,13,0.2005,0.2742,0.7595,0.6038,0.2642,0.2419
0.6,1.0,0.2357,13,0.2008,0.2744,0.7601,0.6043,0.2785,0.24
0.65,0.0,0.2123,13,0.1793,0.2558,0.7215,0.5612,0.2061,0.2554
0.65,0.1,0.2184,13,0.1838,0.2597,0.7341,0.5753,0.2103,0.2563
0.65,0.2,0.224,13,0.1879,0.2633,0.7431,0.5855,0.2154,0.2561
0.65,0.3,0.2286,13,0.1914,0.2663,0.7495,0.5928,0.2209,0.2539
0.65,0.4,0.2328,13,0.1946,0.2691,0.754,0.5978,0.2272,0.2518
0.65,0.45,0.2347,13,0.1962,0.2704,0.7557,0.5997,0.2309,0.2507
0.65,0.5,0.2361,13,0.1975,0.2716,0.7571,0.6013,0.2345,0.2493
0.65,0.55,0.2373,13,0.1987,0.2726,0.7583,0.6025,0.2388,0.2479
0.65,0.552,0.2374,13,0.1987,0.2726,0.7583,0.6026,0.2391,0.2479
0.65,0.6,0.2389,13,0.2002,0.2739,0.7593,0.6036,0.2448,0.247
0.65,0.65,0.2397,13,0.2013,0.2748,0.7601,0.6044,0.251,0.2459
0.65,0.7,0.2398,13,0.2017,0.2752,0.7608,0.6051,0.2548,0.2445
0.65,0.8,0.2394,13,0.2023,0.2757,0.7619,0.6062,0.2649,0.2418
0.65,0.858,0.2387,13,0.202,0.2755,0.7624,0.6066,0.266,0.2402
0.65,0.9,0.2383,13,0.202,0.2755,0.7627,0.6068,0.2708,0.2392
0.65,1.0,0.2377,13,0.2022,0.2757,0.7633,0.6073,0.291,0.2373
0.7,0.0,0.2141,13,0.1809,0.2572,0.7237,0.5629,0.211,0.2521
0.7,0.1,0.2203,13,0.1854,0.2611,0.7364,0.5772,0.2152,0.2527
0.7,0.2,0.226,13,0.1895,0.2647,0.7455,0.5876,0.2203,0.2525
0.7,0.3,0.2304,13,0.1929,0.2676,0.752,0.595,0.2258,0.2504
0.7,0.4,0.2345,13,0.1961,0.2704,0.7566,0.6002,0.2321,0.2485
0.7,0.45,0.2364,13,0.1976,0.2717,0.7583,0.6021,0.2359,0.2475
0.7,0.5,0.2377,13,0.1988,0.2727,0.7598,0.6037,0.2395,0.2461
0.7,0.55,0.2389,13,0.2,0.2738,0.761,0.605,0.2439,0.2448
0.7,0.552,0.239,13,0.2001,0.2738,0.7611,0.605,0.2441,0.2447
0.7,0.6,0.2403,13,0.2014,0.275,0.762,0.6061,0.25,0.2438
0.7,0.65,0.2409,13,0.2022,0.2756,0.7629,0.6069,0.2554,0.2425
0.7,0.7,0.2412,13,0.2028,0.2762,0.7636,0.6077,0.2601,0.2413
0.7,0.8,0.2412,13,0.2036,0.2769,0.7648,0.6088,0.2714,0.2388
0.7,0.858,0.2405,13,0.2034,0.2767,0.7653,0.6092,0.2729,0.2372
0.7,0.9,0.2401,13,0.2034,0.2767,0.7656,0.6095,0.2789,0.2363
0.7,1.0,0.2394,13,0.2035,0.2768,0.7662,0.6099,0.2987,0.2343
0.8,0.0,0.2166,13,0.1833,0.2592,0.7271,0.5651,0.2225,0.2452
0.8,0.1,0.223,13,0.1879,0.2633,0.7401,0.5798,0.2267,0.2458
0.8,0.2,0.2286,13,0.1921,0.2669,0.7494,0.5905,0.2318,0.2454
0.8,0.3,0.233,13,0.1954,0.2697,0.7561,0.5982,0.2374,0.2432
0.8,0.4,0.2368,13,0.1983,0.2723,0.7609,0.6035,0.2437,0.2412
0.8,0.45,0.2386,13,0.1998,0.2736,0.7627,0.6055,0.2482,0.2402
0.8,0.5,0.2396,13,0.2008,0.2744,0.7642,0.6072,0.2514,0.2387
0.8,0.55,0.2407,13,0.2019,0.2754,0.7655,0.6085,0.2568,0.2375
0.8,0.552,0.2408,13,0.2019,0.2754,0.7655,0.6086,0.2569,0.2374
0.8,0.6,0.2419,13,0.2031,0.2764,0.7666,0.6097,0.2642,0.2364
0.8,0.65,0.2425,13,0.2038,0.2771,0.7675,0.6106,0.2712,0.2352
0.8,0.7,0.2428,13,0.2044,0.2776,0.7682,0.6114,0.2754,0.234
0.8,0.8,0.2428,13,0.2051,0.2782,0.7695,0.6125,0.2862,0.2315
0.8,0.858,0.2421,13,0.2048,0.2779,0.77,0.613,0.2874,0.2299
0.8,0.9,0.2418,13,0.2049,0.278,0.7704,0.6133,0.2975,0.229
0.8,1.0,0.241,13,0.2048,0.2779,0.771,0.6139,0.3264,0.2269
0.858,0.0,0.2168,13,0.1839,0.2598,0.7286,0.5659,0.2296,0.2403
0.858,0.1,0.2231,13,0.1886,0.2639,0.7417,0.5807,0.2339,0.2409
0.858,0.2,0.2287,13,0.1927,0.2674,0.7512,0.5915,0.239,0.2404
0.858,0.3,0.2329,13,0.1959,0.2702,0.758,0.5993,0.2445,0.2383
0.858,0.4,0.2365,13,0.1987,0.2726,0.7628,0.6047,0.2506,0.2363
0.858,0.45,0.2383,13,0.2001,0.2738,0.7647,0.6068,0.2551,0.2353
0.858,0.5,0.2394,13,0.2011,0.2747,0.7662,0.6085,0.2583,0.234
0.858,0.55,0.2404,13,0.2021,0.2756,0.7675,0.6099,0.2634,0.2328
0.858,0.552,0.2405,13,0.2022,0.2756,0.7676,0.6099,0.2637,0.2327
0.858,0.6,0.2416,13,0.2033,0.2766,0.7686,0.6111,0.2707,0.2317
0.858,0.65,0.2421,13,0.2039,0.2772,0.7696,0.612,0.2759,0.2304
0.858,0.7,0.2425,13,0.2045,0.2777,0.7704,0.6128,0.2799,0.2293
0.858,0.8,0.2425,13,0.2051,0.2782,0.7716,0.614,0.2894,0.2267
0.858,0.858,0.2419,12,0.205,0.2781,0.7722,0.6145,0.2818,0.2252
0.858,0.9,0.2416,12,0.205,0.2781,0.7726,0.6148,0.2871,0.2243
0.858,1.0,0.2409,12,0.2051,0.2781,0.7733,0.6154,0.3,0.2222
0.9,0.0,0.2164,13,0.1841,0.26,0.7295,0.5661,0.235,0.2369
0.9,0.1,0.2228,13,0.1888,0.264,0.7427,0.5811,0.2392,0.2373
0.9,0.2,0.2282,13,0.1928,0.2675,0.7522,0.592,0.2444,0.2367
0.9,0.3,0.2321,13,0.1958,0.2701,0.7591,0.5998,0.2496,0.2345
0.9,0.4,0.2357,13,0.1986,0.2726,0.764,0.6053,0.2558,0.2326
0.9,0.45,0.2375,13,0.2,0.2737,0.7659,0.6074,0.2604,0.2317
0.9,0.5,0.2383,13,0.2008,0.2744,0.7674,0.6091,0.2631,0.2303
0.9,0.55,0.2396,13,0.202,0.2754,0.7688,0.6105,0.2686,0.2292
0.9,0.552,0.2396,13,0.202,0.2755,0.7688,0.6106,0.2688,0.2292
0.9,0.6,0.2407,13,0.203,0.2764,0.7699,0.6117,0.275,0.2281
0.9,0.65,0.2411,13,0.2036,0.2768,0.7708,0.6127,0.2772,0.2268
0.9,0.7,0.2416,13,0.2042,0.2773,0.7716,0.6135,0.2825,0.2257
0.9,0.8,0.2416,12,0.2047,0.2779,0.7729,0.6147,0.2867,0.2232
0.9,0.858,0.2416,12,0.205,0.2781,0.7735,0.6153,0.2895,0.2219
0.9,0.9,0.2413,12,0.2051,0.2781,0.7739,0.6156,0.2932,0.2209
0.9,1.0,0.2406,12,0.2051,0.2782,0.7746,0.6161,0.328,0.2189
1.0,0.0,0.2144,13,0.1836,0.2596,0.731,0.5659,0.2484,0.2289
1.0,0.1,0.2205,13,0.1883,0.2636,0.7443,0.581,0.2527,0.229
1.0,0.2,0.2257,13,0.1922,0.267,0.7541,0.5921,0.2581,0.2281
1.0,0.3,0.2294,13,0.1951,0.2695,0.7611,0.6001,0.2633,0.226
1.0,0.4,0.2326,13,0.1976,0.2717,0.766,0.6056,0.2696,0.224
1.0,0.45,0.2341,13,0.1989,0.2728,0.768,0.6078,0.2741,0.223
1.0,0.5,0.2345,13,0.1992,0.2731,0.7696,0.6095,0.2749,0.2214
1.0,0.55,0.2359,13,0.2004,0.2741,0.771,0.611,0.2808,0.2205
1.0,0.552,0.236,13,0.2005,0.2741,0.771,0.6111,0.281,0.2205
1.0,0.6,0.2371,13,0.2015,0.275,0.7721,0.6122,0.2871,0.2195
1.0,0.65,0.2371,13,0.2015,0.275,0.7731,0.6132,0.2876,0.2179
1.0,0.7,0.2375,12,0.202,0.2755,0.7739,0.6141,0.2891,0.2168
1.0,0.8,0.238,11,0.2028,0.2762,0.7753,0.6154,0.2898,0.2145
1.0,0.858,0.2382,11,0.2034,0.2767,0.7759,0.6159,0.2939,0.2133
1.0,0.9,0.2381,11,0.2035,0.2768,0.7763,0.6162,0.2959,0.2124
1.0,1.0,0.2374,11,0.2036,0.2768,0.777,0.6168,0.3011,0.2103
